{"cameraMode":{"drawMode":0,"name":"Shaded","section":"Shading Mode"},"sceneLighting":false,"audioPlay":false,"sceneViewState":{"m_AlwaysRefresh":true,"showFog":true,"showSkybox":true,"showFlares":false,"showImageEffects":false,"showParticleSystems":false,"showVisualEffectGraphs":true,"m_FxEnabled":false},"in2DMode":false,"pivot":{"x":488.930908203125,"y":250.62806701660157,"z":-31.49920654296875},"rotation":{"x":0.018304621800780298,"y":0.020990274846553804,"z":-0.00038466358091682196,"w":0.9996155500411987},"size":312.25775146484377,"orthographic":false}